标题,价格,评论,店铺
迪奥（Dior）烈艳蓝金口红 丝绒 999传奇正红唇膏 送礼袋 七夕情人节 生日礼物,380.00,1万+,DIOR迪奥美妆京东自营官方旗舰店
YSL圣罗兰小金条口红1966 2.2g 哑光礼盒 礼盒七夕情人节礼物生日女,390.00,50万+,YSL圣罗兰京东自营官方旗舰店
纪梵希（Givenchy）高定小羊皮N306口红礼盒唇膏斩男番茄红生日七夕情人节礼物送女友,390.00,20万+,GIVENCHY纪梵希京东自营官方旗舰店
兰蔻196口红丝绒雾面哑光朱砂橘胡萝卜唇膏礼盒生日七夕情人节礼物女,320.00,50万+,兰蔻京东自营官方旗舰店
M.A.C魅可子弹头mac口红唇膏#602小辣椒 生日礼物女 七夕情人节礼物,195.00,20万+,MAC魅可京东自营官方旗舰店
阿玛尼红管405唇釉#番茄红 丝绒哑光显白口红 七夕情人节礼物送女友,350.00,20万+,ARMANI阿玛尼美妆京东自营官方旗舰店
迪奥（Dior）花漾红唇礼盒 花漾女士香水口红套装 永生花花盒 七夕情人节礼物,1720.00,1万+,DIOR迪奥美妆京东自营官方旗舰店
YSL圣罗兰小金条口红1966 夜光斑马版礼盒 七夕情人节礼物生日送女友,420.00,50万+,YSL圣罗兰京东自营官方旗舰店
卡姿兰（Carslan）粉悦木马口红礼盒雾感哑光唇膏mini6支套装 七夕情人节礼物,89.00,20万+,卡姿兰京东自营官方旗舰店
M.A.C魅可尤雾弹mac口红唇膏#316小辣椒 生日礼物女 七夕情人节礼物,210.00,20万+,MAC魅可京东自营官方旗舰店
YSL圣罗兰小黑条口红314 夜光斑马版礼盒 七夕情人节礼物生日送女友,420.00,10万+,YSL圣罗兰京东自营官方旗舰店
YSL圣罗兰黑管唇釉416烂番茄镜面口红礼盒 七夕情人节礼物生日女,370.00,10万+,YSL圣罗兰京东自营官方旗舰店
迪奥（Dior）烈艳蓝金高订丝绒口红礼盒 #999 #720 #228 #772 七夕情人节礼物,1520.00,1万+,DIOR迪奥美妆京东自营官方旗舰店
DIOUDX999口红香水礼盒套装生日女七夕情人节礼物送女友老婆女朋友实用 999星光限定+礼盒+七仓速发,168.00,5000+,迪奥莎旗舰店
YSL圣罗兰小黑条口红冷茶314 2g 哑光礼盒 七夕情人节礼物生日女,390.00,10万+,YSL圣罗兰京东自营官方旗舰店
迪奥（Dior）烈艳蓝金口红 哑光 999 传奇正红唇膏3.5g 七夕情人节 生日礼物,380.00,1万+,DIOR迪奥美妆京东自营官方旗舰店
阿玛尼红管唇釉#321裸雾粉 丝绒哑光显白口红 七夕情人节礼物送女友,350.00,20万+,ARMANI阿玛尼美妆京东自营官方旗舰店
YSL圣罗兰黑管唇釉610 5.5ml 镜面唇釉 礼盒 七夕情人节礼物生日女,370.00,10万+,YSL圣罗兰京东自营官方旗舰店
兰蔻七夕蝶吻限定口红196 哑光朱砂橘唇膏礼盒生日情人节礼物送女友,350.00,50万+,兰蔻京东自营官方旗舰店
YSL圣罗兰口红双支装礼盒限定版1966+35 七夕情人节礼物 生日送女友,810.00,2000+,YSL圣罗兰京东自营官方旗舰店
兰蔻七夕蝶吻限定口红礼盒(196+292+200) 化妆品唇膏套装生日礼物女,1050.00,50万+,兰蔻京东自营官方旗舰店
阿玛尼红管405唇釉烂番茄红6.5ml限定款哑光口红 七夕情人节礼物送女友,350.00,20万+,ARMANI阿玛尼美妆京东自营官方旗舰店
兰蔻275裸唇釉法式裸茶 哑光奶茶色口红唇膏礼盒生日七夕情人节礼物女,330.00,10万+,兰蔻京东自营官方旗舰店
普拉达（PRADA）限定唇香礼盒我本莫测女士香水50ML+口红 B03七夕生日礼物女礼盒,1575.00,2000+,PRADA普拉达香水美妆京东自营官方旗舰店
YSL圣罗兰口红双支限定礼盒夜光斑马1966+314七夕情人节礼物生日女,840.00,50万+,YSL圣罗兰京东自营官方旗舰店
TOM FORD黑管口红哑光 TF16斯嘉丽红 口红 七夕情人节生日礼物 送女友,500.00,5万+,TOM FORD汤姆福特美妆京东自营官方旗舰店
YSL圣罗兰口红两支装礼盒1966+314套装 七夕情人节礼物生日女,780.00,50万+,YSL圣罗兰京东自营官方旗舰店
古驰（GUCCI）倾色丝润口红 水润番茄红#25 3.5g 节日生日七夕礼物送女友送女生,309.00,2万+,古驰香氛京东自营专区
完美日记丝绒唇釉迷你套组4支装口红显白礼盒七夕情人节生日礼物送女友,78.00,100万+,完美日记京东自营旗舰店
